﻿<?xml version="1.0" encoding="utf-8"?>
<deployment>
  <id>fbb00846e1905a10256afc9e89f05b674ef807871745774717448</id>
  <author>jbcupps</author>
  <deployer>GitHub</deployer>
  <authorEmail />
  <message>{"type":"Deployment","sha":"fbb00846e1905a10256afc9e89f05b674ef80787","repoName":"jbcupps/Ethics_Dash","actor":"jbcupps","slotName":"production"}</message>
  <progress />
  <status>Success</status>
  <statusText />
  <lastSuccessEndTime>2025-04-27T17:25:17.5456168Z</lastSuccessEndTime>
  <receivedTime>2025-04-27T17:25:17.5456168Z</receivedTime>
  <startTime>2025-04-27T17:25:17.5456168Z</startTime>
  <endTime>2025-04-27T17:25:17.5456168Z</endTime>
  <complete>True</complete>
  <is_temp>False</is_temp>
  <is_readonly>True</is_readonly>
  <buildSummary />
</deployment>