﻿<?xml version="1.0" encoding="utf-8"?>
<deployment>
  <id>f815a40435c91c4eea73a261e9a9ec8fb85ec0e51745783670218</id>
  <author>jbcupps</author>
  <deployer>GitHub</deployer>
  <authorEmail />
  <message>{"type":"Deployment","sha":"f815a40435c91c4eea73a261e9a9ec8fb85ec0e5","repoName":"jbcupps/Ethics_Dash","actor":"jbcupps","slotName":"production"}</message>
  <progress />
  <status>Success</status>
  <statusText />
  <lastSuccessEndTime>2025-04-27T19:54:30.3546079Z</lastSuccessEndTime>
  <receivedTime>2025-04-27T19:54:30.3546079Z</receivedTime>
  <startTime>2025-04-27T19:54:30.3546079Z</startTime>
  <endTime>2025-04-27T19:54:30.3546079Z</endTime>
  <complete>True</complete>
  <is_temp>False</is_temp>
  <is_readonly>True</is_readonly>
  <buildSummary />
</deployment>