﻿<?xml version="1.0" encoding="utf-8"?>
<deployment>
  <id>ce095e119c0c65df2ce812e9306064c2427fa2ad1745784262125</id>
  <author>jbcupps</author>
  <deployer>GitHub</deployer>
  <authorEmail />
  <message>{"type":"Deployment","sha":"ce095e119c0c65df2ce812e9306064c2427fa2ad","repoName":"jbcupps/Ethics_Dash","actor":"jbcupps","slotName":"production"}</message>
  <progress />
  <status>Success</status>
  <statusText />
  <lastSuccessEndTime>2025-04-27T20:04:22.2973096Z</lastSuccessEndTime>
  <receivedTime>2025-04-27T20:04:22.2973096Z</receivedTime>
  <startTime>2025-04-27T20:04:22.2973096Z</startTime>
  <endTime>2025-04-27T20:04:22.2973096Z</endTime>
  <complete>True</complete>
  <is_temp>False</is_temp>
  <is_readonly>True</is_readonly>
  <buildSummary />
</deployment>